categories,url,winners,year
"'Best Picture', 'Best Actor in a Leading Role', 'Best Actress in a Leading Role', 'Best Actor in a Supporting Role', 'Best Actress in a Supporting Role', 'Best Director', 'Best Writing, Screenplay Written Directly for the Screen', 'Best Writing, Screenplay Based on Material Previously Produced or Published', 'Best Foreign Language Film', 'Best Cinematography', 'Best Art Direction-Set Decoration', 'Best Costume Design', 'Best Sound', 'Best Sound Editing', 'Best Film Editing', 'Best Effects, Visual Effects', 'Best Makeup', 'Best Music, Original Song', 'Best Music, Original Score', 'Best Short Film, Animated', 'Best Short Film, Live Action', 'Best Documentary, Short Subjects', 'Best Documentary, Features', 'Best Animated Feature'",https://www.imdb.com/event/ev0000003/2002/1,"['A Beautiful Mind', 'Denzel Washington', 'Halle Berry', 'Jim Broadbent', 'Jennifer Connelly', 'Ron Howard', 'Gosford Park', 'A Beautiful Mind', 'No Mans Land', 'The Lord of the Rings: The Fellowship of the Ring', 'Moulin Rouge!', 'Moulin Rouge!', 'Black Hawk Down', 'Pearl Harbor', 'Black Hawk Down', 'The Lord of the Rings: The Fellowship of the Ring', 'The Lord of the Rings: The Fellowship of the Ring', 'Monsters, Inc.', 'The Lord of the Rings: The Fellowship of the Ring', 'For the Birds', 'The Accountant', 'Thoth', 'Murder on a Sunday Morning', 'Shrek', 'Robert Redford', 'Ray Feeney', 'Rune Ericson', 'Franz Kraus', 'Bill Spitzak, Paul Van Camp, Jonathan Egstad, Price Pethel']",2002
"'Best Motion Picture of the Year', 'Best Performance by an Actor in a Leading Role', 'Best Performance by an Actress in a Leading Role', 'Best Performance by an Actor in a Supporting Role', 'Best Performance by an Actress in a Supporting Role', 'Best Achievement in Directing', 'Best Writing, Original Screenplay', 'Best Writing, Adapted Screenplay', 'Best Achievement in Cinematography', 'Best Achievement in Art Direction', 'Best Achievement in Film Editing', 'Best Achievement in Costume Design', 'Best Achievement in Music Written for Motion Pictures, Original Song', 'Best Achievement in Music Written for Motion Pictures, Original Score', 'Best Achievement in Sound Mixing', 'Best Achievement in Sound Editing', 'Best Achievement in Visual Effects', 'Best Short Film, Animated', 'Best Short Film, Live Action', 'Best Documentary, Short Subjects', 'Best Documentary, Features', 'Best Foreign Language Film of the Year', 'Best Animated Feature Film of the Year', 'Best Achievement in Makeup'",https://www.imdb.com/event/ev0000003/2005/1,"['Million Dollar Baby', 'Jamie Foxx', 'Hilary Swank', 'Morgan Freeman', 'Cate Blanchett', 'Clint Eastwood', 'Eternal Sunshine of the Spotless Mind', 'Sideways', 'The Aviator', 'The Aviator', 'The Aviator', 'The Aviator', 'The Motorcycle Diaries', 'Finding Neverland', 'Ray', 'The Incredibles', 'Spider-Man 2', 'Ryan', 'Wasp', 'Mighty Times: The Childrens March', 'Born Into Brothels: Calcuttas Red Light Kids', 'The Sea Inside', 'The Incredibles', 'A Series of Unfortunate Events', 'Arthur Widmer', 'Horst Burbulla', 'Guy Griffiths, David Hodson, David Mann', 'Alan Kapler']",2005
"'Best Motion Picture of the Year', 'Best Performance by an Actor in a Leading Role', 'Best Performance by an Actress in a Leading Role', 'Best Performance by an Actor in a Supporting Role', 'Best Performance by an Actress in a Supporting Role', 'Best Achievement in Directing', 'Best Writing, Original Screenplay', 'Best Writing, Adapted Screenplay', 'Best Achievement in Cinematography', 'Best Achievement in Art Direction', 'Best Achievement in Film Editing', 'Best Achievement in Costume Design', 'Best Achievement in Music Written for Motion Pictures, Original Song', 'Best Achievement in Music Written for Motion Pictures, Original Score', 'Best Achievement in Sound Mixing', 'Best Achievement in Sound Editing', 'Best Achievement in Visual Effects', 'Best Short Film, Animated', 'Best Short Film, Live Action', 'Best Documentary, Short Subjects', 'Best Documentary, Features', 'Best Foreign Language Film of the Year', 'Best Animated Feature Film of the Year', 'Best Achievement in Makeup'",https://www.imdb.com/event/ev0000003/2007/1,"['The Departed', 'Forest Whitaker', 'Helen Mirren', 'Alan Arkin', 'Jennifer Hudson', 'Martin Scorsese', 'Little Miss Sunshine', 'The Departed', 'Pans Labyrinth', 'Pans Labyrinth', 'The Departed', 'Marie Antoinette', 'An Inconvenient Truth', 'Babel', 'Dreamgirls', 'Letters from Iwo Jima', 'Pirates of the Caribbean: Dead Mans Chest', 'The Danish Poet', 'West Bank Story', 'The Blood of Yingzhou District', 'An Inconvenient Truth', 'The Lives of Others', 'Happy Feet', 'Pans Labyrinth', 'Ennio Morricone', 'Ioan Allen, Mary Ann Anderson, Ted Costas, Paul R. Goldberg, Tom Kuhn', 'Bill Collis, Ben Kent', 'Bill Feightner (E-Film), Chris Edwards (E-Film)', 'Ray Feeney']",2007
"'Best Actor in a Leading Role', 'Best Actor in a Supporting Role', 'Best Actress in a Leading Role', 'Best Actress in a Supporting Role', 'Best Art Direction-Set Decoration', 'Best Cinematography', 'Best Costume Design', 'Best Director', 'Best Documentary, Features', 'Best Documentary, Short Subjects', 'Best Effects, Visual Effects', 'Best Film Editing', 'Best Foreign Language Film', 'Best Makeup', 'Best Music, Original Score', 'Best Music, Original Song', 'Best Picture', 'Best Short Film, Animated', 'Best Short Film, Live Action', 'Best Sound', 'Best Sound Editing', 'Best Writing, Screenplay Based on Material Previously Produced or Published', 'Best Writing, Screenplay Written Directly for the Screen'",https://www.imdb.com/event/ev0000003/2001/1,"['Russell Crowe', 'Benicio Del Toro', 'Julia Roberts', 'Marcia Gay Harden', 'Crouching Tiger, Hidden Dragon', 'Crouching Tiger, Hidden Dragon', 'Gladiator', 'Steven Soderbergh', 'Into the Arms of Strangers: Stories of the Kindertransport', 'Big Mama', 'Gladiator', 'Traffic', 'Crouching Tiger, Hidden Dragon', 'How the Grinch Stole Christmas', 'Crouching Tiger, Hidden Dragon', 'Wonder Boys', 'Gladiator', 'Father and Daughter', 'Quiero ser (I want to be...)', 'Gladiator', 'U-571', 'Traffic', 'Almost Famous', 'Ernest Lehman', 'Paul Kenworthy', 'Ioan Allen, Mark Harrah', 'Rob Cook, Loren Carpenter, Ed Catmull', 'Al Mayer Jr.', 'Bill Tondreau (Kuper Systems), Alvah J. Miller (Lynx Robotics), Paul D. Johnson (Lynx Robotics), David Stump (Visual Effects Rental Services)']",2001
"'Best Picture', 'Best Actor in a Leading Role', 'Best Actress in a Leading Role', 'Best Actor in a Supporting Role', 'Best Actress in a Supporting Role', 'Best Director', 'Best Writing, Original Screenplay', 'Best Writing, Adapted Screenplay', 'Best Foreign Language Film', 'Best Cinematography', 'Best Art Direction-Set Decoration', 'Best Costume Design', 'Best Sound', 'Best Sound Editing', 'Best Film Editing', 'Best Makeup', 'Best Music, Original Song', 'Best Music, Original Score', 'Best Short Film, Animated', 'Best Short Film, Live Action', 'Best Documentary, Short Subjects', 'Best Documentary, Features', 'Best Animated Feature', 'Best Visual Effects'",https://www.imdb.com/event/ev0000003/2003/1,"['Chicago', 'Adrien Brody', 'Nicole Kidman', 'Chris Cooper', 'Catherine Zeta-Jones', 'Roman Polanski', 'Talk to Her', 'The Pianist', 'Nowhere in Africa', 'Road to Perdition', 'Chicago', 'Chicago', 'Chicago', 'The Lord of the Rings: The Two Towers', 'Chicago', 'Frida', '8 Mile', 'Frida', 'The Chubbchubbs!', 'This Charming Man', 'Twin Towers', 'Bowling for Columbine', 'Spirited Away', 'The Lord of the Rings: The Two Towers', 'Peter OToole', 'Curt Behlmer', 'For their continuing development and innovation in the design and manufacturing of advanced camera systems specifically designed for the motion picture entertainment industry.', 'Dedo Weigert', 'Dick Walsh']",2003
"'Best Picture', 'Best Actor in a Leading Role', 'Best Actress in a Leading Role', 'Best Actor in a Supporting Role', 'Best Actress in a Supporting Role', 'Best Writing, Original Screenplay', 'Best Writing, Adapted Screenplay', 'Best Foreign Language Film', 'Best Cinematography', 'Best Costume Design', 'Best Sound Editing', 'Best Sound Mixing', 'Best Film Editing', 'Best Makeup', 'Best Music, Original Song', 'Best Music, Original Score', 'Best Short Film, Animated', 'Best Short Film, Live Action', 'Best Documentary, Short Subjects', 'Best Documentary, Features', 'Best Animated Feature', 'Best Visual Effects', 'Best Art Direction-Set Decoration', 'Best Director'",https://www.imdb.com/event/ev0000003/2004/1,"['The Lord of the Rings: The Return of the King', 'Sean Penn', 'Charlize Theron', 'Tim Robbins', 'Renée Zellweger', 'Lost in Translation', 'The Lord of the Rings: The Return of the King', 'The Barbarian Invasions', 'Master and Commander: The Far Side of the World', 'The Lord of the Rings: The Return of the King', 'Master and Commander: The Far Side of the World', 'The Lord of the Rings: The Return of the King', 'The Lord of the Rings: The Return of the King', 'The Lord of the Rings: The Return of the King', 'The Lord of the Rings: The Return of the King', 'The Lord of the Rings: The Return of the King', 'Harvie Krumpet', 'Two Soldiers', 'Chernobyl Heart', 'The Fog of War', 'Finding Nemo', 'The Lord of the Rings: The Return of the King', 'The Lord of the Rings: The Return of the King', 'Peter Jackson', 'Blake Edwards', 'Bill Tondreau (Kuper Controls)', 'Andrew Cannon', 'Christophe Hery, Ken McGaugh, Joe Letteri']",2004
"'Best Actor in a Leading Role', 'Best Actor in a Supporting Role', 'Best Actress in a Leading Role', 'Best Actress in a Supporting Role', 'Best Art Direction-Set Decoration', 'Best Cinematography', 'Best Costume Design', 'Best Director', 'Best Documentary, Features', 'Best Documentary, Short Subjects', 'Best Effects, Sound Effects Editing', 'Best Effects, Visual Effects', 'Best Film Editing', 'Best Foreign Language Film', 'Best Makeup', 'Best Music, Original Score', 'Best Music, Original Song', 'Best Picture', 'Best Short Film, Animated', 'Best Short Film, Live Action', 'Best Sound', 'Best Writing, Screenplay Based on Material Previously Produced or Published', 'Best Writing, Screenplay Written Directly for the Screen'",https://www.imdb.com/event/ev0000003/2000/1,"['Kevin Spacey', 'Michael Caine', 'Hilary Swank', 'Angelina Jolie', 'Sleepy Hollow', 'American Beauty', 'Topsy-Turvy', 'Sam Mendes', 'One Day in September', 'King Gimp', 'The Matrix', 'The Matrix', 'The Matrix', 'All About My Mother', 'Topsy-Turvy', 'The Red Violin', 'Tarzan', 'American Beauty', 'Le vieil homme et la mer', 'My Mother Dreams the Satans Disciples in New York', 'The Matrix', 'The Cider House Rules', 'American Beauty', 'Andrzej Wajda', 'Huw Gwyllyn', 'Chris Woolf']",2000
"'Best Motion Picture of the Year', 'Best Performance by an Actor in a Leading Role', 'Best Performance by an Actress in a Leading Role', 'Best Performance by an Actor in a Supporting Role', 'Best Performance by an Actress in a Supporting Role', 'Best Achievement in Directing', 'Best Writing, Original Screenplay', 'Best Writing, Adapted Screenplay', 'Best Achievement in Cinematography', 'Best Achievement in Art Direction', 'Best Achievement in Film Editing', 'Best Achievement in Costume Design', 'Best Achievement in Music Written for Motion Pictures, Original Song', 'Best Achievement in Music Written for Motion Pictures, Original Score', 'Best Achievement in Sound Mixing', 'Best Achievement in Sound Editing', 'Best Achievement in Visual Effects', 'Best Short Film, Animated', 'Best Short Film, Live Action', 'Best Documentary, Short Subjects', 'Best Documentary, Features', 'Best Foreign Language Film of the Year', 'Best Animated Feature Film of the Year', 'Best Achievement in Makeup'",https://www.imdb.com/event/ev0000003/2006/1,"['Crash', 'Philip Seymour Hoffman', 'Reese Witherspoon', 'George Clooney', 'Rachel Weisz', 'Ang Lee', 'Crash', 'Brokeback Mountain', 'Memoirs of a Geisha', 'Memoirs of a Geisha', 'Crash', 'Memoirs of a Geisha', 'Hustle & Flow', 'Brokeback Mountain', 'King Kong', 'King Kong', 'King Kong', 'The Moon and the Son: An Imagined Conversation', 'Six Shooter', 'A Note of Triumph: The Golden Age of Norman Corwin', 'March of the Penguins', 'Tsotsi', 'Wallace & Gromit: The Curse of the Were-Rabbit', 'The Chronicles of Narnia: The Lion, the Witch and the Wardrobe', 'Robert Altman', 'Anatoliy Kokush', 'Alvah J. Miller']",2006
"'Best Motion Picture of the Year', 'Best Performance by an Actor in a Leading Role', 'Best Performance by an Actress in a Leading Role', 'Best Performance by an Actor in a Supporting Role', 'Best Performance by an Actress in a Supporting Role', 'Best Achievement in Directing', 'Best Writing, Original Screenplay', 'Best Writing, Adapted Screenplay', 'Best Achievement in Cinematography', 'Best Achievement in Art Direction', 'Best Achievement in Film Editing', 'Best Achievement in Costume Design', 'Best Achievement in Music Written for Motion Pictures, Original Song', 'Best Achievement in Music Written for Motion Pictures, Original Score', 'Best Achievement in Sound Mixing', 'Best Achievement in Sound Editing', 'Best Achievement in Visual Effects', 'Best Short Film, Animated', 'Best Short Film, Live Action', 'Best Documentary, Short Subject', 'Best Documentary, Features', 'Best Foreign Language Film of the Year', 'Best Animated Feature Film of the Year', 'Best Achievement in Makeup'",https://www.imdb.com/event/ev0000003/2009/1,"['Slumdog Millionaire', 'Sean Penn', 'Kate Winslet', 'Heath Ledger', 'Penélope Cruz', 'Danny Boyle', 'Milk', 'Slumdog Millionaire', 'Slumdog Millionaire', 'The Curious Case of Benjamin Button', 'Slumdog Millionaire', 'The Duchess', 'Slumdog Millionaire', 'Slumdog Millionaire', 'Slumdog Millionaire', 'The Dark Knight', 'The Curious Case of Benjamin Button', 'The House of Small Cubes', 'Toyland', 'Smile Pinki', 'Man on Wire', 'Departures', 'WALL·E', 'The Curious Case of Benjamin Button', 'For the optical design (Coumert/Debize) and for the mechanical design (Chervin/Reboulet) of the compact and lightweight Angenieux 15-40 and 28-76 zoom lenses for handheld motion picture photography.']",2009
"'Best Motion Picture of the Year', 'Best Performance by an Actor in a Leading Role', 'Best Performance by an Actress in a Leading Role', 'Best Performance by an Actor in a Supporting Role', 'Best Performance by an Actress in a Supporting Role', 'Best Achievement in Directing', 'Best Writing, Original Screenplay', 'Best Writing, Adapted Screenplay', 'Best Achievement in Cinematography', 'Best Achievement in Art Direction', 'Best Achievement in Film Editing', 'Best Achievement in Costume Design', 'Best Achievement in Music Written for Motion Pictures, Original Song', 'Best Achievement in Music Written for Motion Pictures, Original Score', 'Best Achievement in Sound Mixing', 'Best Achievement in Sound Editing', 'Best Achievement in Visual Effects', 'Best Short Film, Animated', 'Best Short Film, Live Action', 'Best Documentary, Short Subjects', 'Best Documentary, Features', 'Best Foreign Language Film of the Year', 'Best Animated Feature Film of the Year', 'Best Achievement in Makeup'",https://www.imdb.com/event/ev0000003/2008/1,"['No Country for Old Men', 'Daniel Day-Lewis', 'Marion Cotillard', 'Javier Bardem', 'Tilda Swinton', 'Ethan Coen, Joel Coen', 'Juno', 'No Country for Old Men', 'There Will Be Blood', 'Sweeney Todd: The Demon Barber of Fleet Street', 'The Bourne Ultimatum', 'Elizabeth: The Golden Age', 'Once', 'Atonement', 'The Bourne Ultimatum', 'The Bourne Ultimatum', 'The Golden Compass', 'Peter and The Wolf', 'The Mozart of Pickpockets', 'Freeheld', 'Taxi to the Dark Side', 'The Counterfeiters', 'Ratatouille', 'La Vie En Rose', 'Robert F. Boyle', 'Jonathan Erland', 'Doug Roble, Nafees Bin Zafar, Ryo Sakaguchi', 'Christien Tinsley']",2008
"'Best Motion Picture of the Year', 'Best Performance by an Actor in a Leading Role', 'Best Performance by an Actress in a Leading Role', 'Best Performance by an Actor in a Supporting Role', 'Best Performance by an Actress in a Supporting Role', 'Best Achievement in Directing', 'Best Writing, Original Screenplay', 'Best Writing, Adapted Screenplay', 'Best Achievement in Cinematography', 'Best Achievement in Art Direction', 'Best Achievement in Film Editing', 'Best Achievement in Costume Design', 'Best Achievement in Music Written for Motion Pictures, Original Song', 'Best Achievement in Music Written for Motion Pictures, Original Score', 'Best Achievement in Sound Mixing', 'Best Achievement in Sound Editing', 'Best Achievement in Visual Effects', 'Best Short Film, Animated', 'Best Short Film, Live Action', 'Best Documentary, Short Subjects', 'Best Documentary, Features', 'Best Foreign Language Film of the Year', 'Best Animated Feature Film of the Year', 'Best Achievement in Makeup'",https://www.imdb.com/event/ev0000003/2010/1,"['The Hurt Locker', 'Jeff Bridges', 'Sandra Bullock', 'Christoph Waltz', 'MoNique', 'Kathryn Bigelow', 'The Hurt Locker', 'Precious', 'Avatar', 'Avatar', 'The Hurt Locker', 'The Young Victoria', 'Crazy Heart', 'Up', 'The Hurt Locker', 'The Hurt Locker', 'Avatar', 'Logorama©', 'The New Tenants', 'Music by Prudence', 'The Cove', 'The Secret in Their Eyes', 'Up', 'Star Trek', 'Gordon Willis', 'Alex MacDonald, Jim Rodnunsky, Mark Chapman', 'Hayden Landis, Ken McGaugh, Hilmar Koch']",2010
"'Best Motion Picture of the Year', 'Best Performance by an Actor in a Leading Role', 'Best Performance by an Actress in a Leading Role', 'Best Performance by an Actor in a Supporting Role', 'Best Performance by an Actress in a Supporting Role', 'Best Achievement in Directing', 'Best Writing, Original Screenplay', 'Best Writing, Adapted Screenplay', 'Best Achievement in Cinematography', 'Best Achievement in Art Direction', 'Best Achievement in Film Editing', 'Best Achievement in Costume Design', 'Best Achievement in Music Written for Motion Pictures, Original Song', 'Best Achievement in Music Written for Motion Pictures, Original Score', 'Best Achievement in Sound Mixing', 'Best Achievement in Sound Editing', 'Best Achievement in Visual Effects', 'Best Short Film, Animated', 'Best Short Film, Live Action', 'Best Documentary, Short Subjects', 'Best Documentary, Features', 'Best Foreign Language Film of the Year', 'Best Animated Feature Film of the Year', 'Best Achievement in Makeup'",https://www.imdb.com/event/ev0000003/2012/1,"['The Artist', 'Jean Dujardin', 'Meryl Streep', 'Christopher Plummer', 'Octavia Spencer', 'Michel Hazanavicius', 'Midnight in Paris', 'The Descendants', 'Hugo', 'Hugo', 'The Girl with the Dragon Tattoo', 'The Artist', 'The Muppets', 'The Artist', 'Hugo', 'Hugo', 'Hugo', 'The Fantastic Flying Books of Mr. Morris Lessmore', 'The Shore', 'Saving Face', 'Undefeated', 'A Separation', 'Rango', 'The Iron Lady', 'Dick Smith', 'Franz Kraus', 'E.F. Bob Nettman']",2012
"'Best Motion Picture of the Year', 'Best Performance by an Actor in a Leading Role', 'Best Performance by an Actress in a Leading Role', 'Best Performance by an Actor in a Supporting Role', 'Best Performance by an Actress in a Supporting Role', 'Best Achievement in Directing', 'Best Writing, Original Screenplay', 'Best Writing, Adapted Screenplay', 'Best Achievement in Cinematography', 'Best Achievement in Film Editing', 'Best Achievement in Production Design', 'Best Achievement in Costume Design', 'Best Achievement in Makeup and Hairstyling', 'Best Achievement in Music Written for Motion Pictures, Original Song', 'Best Achievement in Music Written for Motion Pictures, Original Score', 'Best Achievement in Sound Mixing', 'Best Achievement in Sound Editing', 'Best Achievement in Visual Effects', 'Best Short Film, Animated', 'Best Short Film, Live Action', 'Best Documentary, Short Subjects', 'Best Documentary, Features', 'Best Foreign Language Film of the Year', 'Best Animated Feature'",https://www.imdb.com/event/ev0000003/2013/1,"['Argo', 'Daniel Day-Lewis', 'Jennifer Lawrence', 'Christoph Waltz', 'Anne Hathaway', 'Ang Lee', 'Django Unchained', 'Argo', 'Life of Pi', 'Argo', 'Lincoln', 'Anna Karenina', 'Les Misérables', 'Skyfall', 'Life of Pi', 'Les Misérables', 'Skyfall', 'Life of Pi', 'Paperman', 'Curfew', 'Inocente', 'Searching for Sugar Man', 'Amour', 'Brave', 'D.A. Pennebaker', 'Cooke Optics', 'Ross Shain', 'Lawrence Kesteloot, Drew Olbrich, Daniel Wexler']",2013
"'Best Motion Picture of the Year', 'Best Performance by an Actor in a Leading Role', 'Best Performance by an Actress in a Leading Role', 'Best Performance by an Actor in a Supporting Role', 'Best Performance by an Actress in a Supporting Role', 'Best Achievement in Directing', 'Best Writing, Original Screenplay', 'Best Writing, Adapted Screenplay', 'Best Achievement in Cinematography', 'Best Achievement in Film Editing', 'Best Achievement in Production Design', 'Best Achievement in Costume Design', 'Best Achievement in Makeup and Hairstyling', 'Best Achievement in Music Written for Motion Pictures, Original Song', 'Best Achievement in Music Written for Motion Pictures, Original Score', 'Best Achievement in Sound Mixing', 'Best Achievement in Sound Editing', 'Best Achievement in Visual Effects', 'Best Short Film, Animated', 'Best Short Film, Live Action', 'Best Documentary, Short Subjects', 'Best Documentary, Features', 'Best Foreign Language Film of the Year', 'Best Animated Feature Film of the Year'",https://www.imdb.com/event/ev0000003/2014/1,"['12 Years a Slave', 'Matthew McConaughey', 'Cate Blanchett', 'Jared Leto', 'Lupita Nyongo', 'Alfonso Cuarón', 'Her', '12 Years a Slave', 'Gravity', 'Gravity', 'The Great Gatsby', 'The Great Gatsby', 'Dallas Buyers Club', 'Frozen', 'Gravity', 'Gravity', 'Gravity', 'Gravity', 'Mr Hublot', 'Helium', 'The Lady in Number 6: Music Saved My Life', '20 Feet from Stardom', 'The Great Beauty', 'Frozen', 'Angela Lansbury', 'Andre Gauthier, Benoit Sevigny, Yves Boudreault, Robert Lanciault', 'Andrew Camenisch, Dave Cardwell, Tibor Madjar, Csaba Kohegyi, Imre Major']",2014
"'Best Motion Picture of the Year', 'Best Performance by an Actor in a Leading Role', 'Best Performance by an Actress in a Leading Role', 'Best Performance by an Actor in a Supporting Role', 'Best Performance by an Actress in a Supporting Role', 'Best Achievement in Directing', 'Best Writing, Original Screenplay', 'Best Writing, Adapted Screenplay', 'Best Achievement in Cinematography', 'Best Achievement in Art Direction', 'Best Achievement in Film Editing', 'Best Achievement in Costume Design', 'Best Achievement in Music Written for Motion Pictures, Original Song', 'Best Achievement in Music Written for Motion Pictures, Original Score', 'Best Achievement in Sound Mixing', 'Best Achievement in Sound Editing', 'Best Achievement in Visual Effects', 'Best Short Film, Animated', 'Best Short Film, Live Action', 'Best Documentary, Short Subjects', 'Best Documentary, Features', 'Best Foreign Language Film of the Year', 'Best Animated Feature Film of the Year', 'Best Achievement in Makeup'",https://www.imdb.com/event/ev0000003/2011/1,"['The Kings Speech', 'Colin Firth', 'Natalie Portman', 'Christian Bale', 'Melissa Leo', 'Tom Hooper', 'The Kings Speech', 'The Social Network', 'Inception', 'Alice in Wonderland', 'The Social Network', 'Alice in Wonderland', 'Toy Story 3', 'The Social Network', 'Inception', 'Inception', 'Inception', 'The Lost Thing', 'God of Love', 'Strangers No More', 'Inside Job', 'In a Better World', 'Toy Story 3', 'The Wolfman', 'Eli Wallach', 'Jim Rodnunsky, Alex MacDonald, Mark Chapman', 'Chris Allen, Gauth Krishnamurti, Mark A. Brown, Lance Kimes']",2011
"'Best Motion Picture of the Year', 'Best Performance by an Actor in a Leading Role', 'Best Performance by an Actress in a Leading Role', 'Best Performance by an Actor in a Supporting Role', 'Best Performance by an Actress in a Supporting Role', 'Best Achievement in Directing', 'Best Writing, Original Screenplay', 'Best Writing, Adapted Screenplay', 'Best Achievement in Cinematography', 'Best Achievement in Film Editing', 'Best Achievement in Production Design', 'Best Achievement in Costume Design', 'Best Achievement in Makeup and Hairstyling', 'Best Achievement in Music Written for Motion Pictures, Original Song', 'Best Achievement in Music Written for Motion Pictures, Original Score', 'Best Achievement in Sound Mixing', 'Best Achievement in Sound Editing', 'Best Achievement in Visual Effects', 'Best Short Film, Animated', 'Best Short Film, Live Action', 'Best Documentary, Short Subject', 'Best Documentary, Feature', 'Best Foreign Language Film of the Year', 'Best Animated Feature Film of the Year'",https://www.imdb.com/event/ev0000003/2015/1,"['Birdman or (The Unexpected Virtue of Ignorance)', 'Eddie Redmayne', 'Julianne Moore', 'J.K. Simmons', 'Patricia Arquette', 'Alejandro G. Iñárritu', 'Birdman or (The Unexpected Virtue of Ignorance)', 'The Imitation Game', 'Birdman or (The Unexpected Virtue of Ignorance)', 'Whiplash', 'The Grand Budapest Hotel', 'The Grand Budapest Hotel', 'The Grand Budapest Hotel', 'Selma', 'The Grand Budapest Hotel', 'Whiplash', 'American Sniper', 'Interstellar', 'Feast', 'The Phone Call', 'Crisis Hotline: Veterans Press 1', 'Citizenfour', 'Ida', 'Big Hero 6', 'Hayao Miyazaki', 'Steven Tiffen, Jeff Cohen, Michael Fecik', 'Larry Hornbeck', 'Brad Walker, D. Scott Dewald, Bill Werner, Greg Pettitt, Frank Poradish', 'Ben Cole, Eric Parker, James OBrien']",2015
"'Best Motion Picture of the Year', 'Best Performance by an Actor in a Leading Role', 'Best Performance by an Actress in a Leading Role', 'Best Performance by an Actor in a Supporting Role', 'Best Performance by an Actress in a Supporting Role', 'Best Achievement in Directing', 'Best Original Screenplay', 'Best Adapted Screenplay', 'Best Achievement in Cinematography', 'Best Achievement in Film Editing', 'Best Achievement in Production Design', 'Best Achievement in Costume Design', 'Best Achievement in Makeup and Hairstyling', 'Best Achievement in Music Written for Motion Pictures (Original Score)', 'Best Achievement in Music Written for Motion Pictures (Original Song)', 'Best Achievement in Sound Mixing', 'Best Achievement in Sound Editing', 'Best Achievement in Visual Effects', 'Best Documentary Feature', 'Best Documentary Short Subject', 'Best Animated Short Film', 'Best Live Action Short Film', 'Best Foreign Language Film of the Year', 'Best Animated Feature Film of the Year'",https://www.imdb.com/event/ev0000003/2017/1,"['Moonlight', 'Casey Affleck', 'Emma Stone', 'Mahershala Ali', 'Viola Davis', 'Damien Chazelle', 'Manchester by the Sea', 'Moonlight', 'La La Land', 'Hacksaw Ridge', 'La La Land', 'Fantastic Beasts and Where to Find Them', 'Suicide Squad', 'La La Land', 'La La Land', 'Hacksaw Ridge', 'Arrival', 'The Jungle Book', 'O.J.: Made in America', 'The White Helmets', 'Piper', 'Sing', 'The Salesman', 'Zootopia', 'Anne V. Coates', 'Steve Rosenbluth', 'Brian Whited']",2017
"'Best Motion Picture of the Year', 'Best Performance by an Actor in a Leading Role', 'Best Performance by an Actress in a Leading Role', 'Best Performance by an Actor in a Supporting Role', 'Best Performance by an Actress in a Supporting Role', 'Best Achievement in Directing', 'Best Writing, Original Screenplay', 'Best Writing, Adapted Screenplay', 'Best Achievement in Cinematography', 'Best Achievement in Film Editing', 'Best Achievement in Production Design', 'Best Achievement in Costume Design', 'Best Achievement in Makeup and Hairstyling', 'Best Achievement in Music Written for Motion Pictures, Original Song', 'Best Achievement in Music Written for Motion Pictures, Original Score', 'Best Achievement in Sound Mixing', 'Best Achievement in Sound Editing', 'Best Achievement in Visual Effects', 'Best Short Film, Animated', 'Best Short Film, Live Action', 'Best Documentary, Short Subject', 'Best Documentary, Feature', 'Best Foreign Language Film of the Year', 'Best Animated Feature Film of the Year'",https://www.imdb.com/event/ev0000003/2016/1,"['Spotlight', 'Leonardo DiCaprio', 'Brie Larson', 'Mark Rylance', 'Alicia Vikander', 'Alejandro G. Iñárritu', 'Spotlight', 'The Big Short', 'The Revenant', 'Mad Max: Fury Road', 'Mad Max: Fury Road', 'Mad Max: Fury Road', 'Mad Max: Fury Road', 'Spectre', 'The Hateful Eight', 'Mad Max: Fury Road', 'Mad Max: Fury Road', 'Ex Machina', 'Bear Story', 'Stutterer', 'A Girl in the River: The Price of Forgiveness', 'Amy', 'Son of Saul', 'Inside Out', 'Gena Rowlands', 'Brian McLean, Martin Meunier', 'Rahul Thakkar, Andrew Pilgrim, Stewart Birnam, Richard Chuang']",2016
"'Best Motion Picture of the Year', 'Best Performance by an Actor in a Leading Role', 'Best Performance by an Actress in a Leading Role', 'Best Performance by an Actor in a Supporting Role', 'Best Performance by an Actress in a Supporting Role', 'Best Achievement in Directing', 'Best Original Screenplay', 'Best Adapted Screenplay', 'Best Achievement in Cinematography', 'Best Achievement in Film Editing', 'Best Achievement in Production Design', 'Best Achievement in Costume Design', 'Best Achievement in Makeup and Hairstyling', 'Best Achievement in Music Written for Motion Pictures (Original Score)', 'Best Achievement in Music Written for Motion Pictures (Original Song)', 'Best Achievement in Sound Mixing', 'Best Achievement in Sound Editing', 'Best Achievement in Visual Effects', 'Best Documentary Feature', 'Best Documentary Short Subject', 'Best Animated Feature Film', 'Best Animated Short Film', 'Best Live Action Short Film', 'Best International Feature Film'",https://www.imdb.com/event/ev0000003/2020/1,"['Parasite', 'Joaquin Phoenix', 'Renée Zellweger', 'Brad Pitt', 'Laura Dern', 'Bong Joon Ho', 'Parasite', 'Jojo Rabbit', '1917', 'Andrew Buckland, Michael McCusker', 'Once Upon a Time... in Hollywood', 'Little Women', 'Bombshell', 'Joker', 'Rocketman', '1917', 'Ford v Ferrari', '1917', 'American Factory', 'Learning to Skateboard in a Warzone (If Youre a Girl)', 'Toy Story 4', 'Hair Love', 'The Neighbors Window', 'Parasite', 'David Lynch', 'Niall Ryan, Christoph Sprenger, Gilles Daviet']",2020
"'Best Motion Picture of the Year', 'Best Performance by an Actor in a Leading Role', 'Best Performance by an Actress in a Leading Role', 'Best Performance by an Actor in a Supporting Role', 'Best Performance by an Actress in a Supporting Role', 'Best Achievement in Directing', 'Best Original Screenplay', 'Best Adapted Screenplay', 'Best Achievement in Cinematography', 'Best Achievement in Film Editing', 'Best Achievement in Production Design', 'Best Achievement in Costume Design', 'Best Achievement in Makeup and Hairstyling', 'Best Achievement in Music Written for Motion Pictures (Original Score)', 'Best Achievement in Music Written for Motion Pictures (Original Song)', 'Best Achievement in Sound Mixing', 'Best Achievement in Sound Editing', 'Best Achievement in Visual Effects', 'Best Documentary Feature', 'Best Documentary Short Subject', 'Best Animated Feature Film', 'Best Animated Short Film', 'Best Live Action Short Film', 'Best Foreign Language Film of the Year'",https://www.imdb.com/event/ev0000003/2018/1,"['The Shape of Water', 'Gary Oldman', 'Frances McDormand', 'Sam Rockwell', 'Allison Janney', 'Guillermo del Toro', 'Get Out', 'Call Me by Your Name', 'Blade Runner 2049', 'Dunkirk', 'The Shape of Water', 'Phantom Thread', 'Darkest Hour', 'The Shape of Water', 'Coco', 'Dunkirk', 'Dunkirk', 'Blade Runner 2049', 'Icarus', 'Heaven Is a Traffic Jam on the 405', 'Coco', 'Dear Basketball', 'The Silent Child', 'A Fantastic Woman', 'Carne y arena', 'Agnès Varda', 'Mark Elendt', 'Abigail Brady, Jon Wadelton, Jerry Huxtable', 'Alex Powell, Jason Reisig, Martin Watt, Alex M. Wells', 'Jonathan Erland']",2018
"'Best Motion Picture of the Year', 'Best Performance by an Actor in a Leading Role', 'Best Performance by an Actress in a Leading Role', 'Best Performance by an Actor in a Supporting Role', 'Best Performance by an Actress in a Supporting Role', 'Best Achievement in Directing', 'Best Original Screenplay', 'Best Adapted Screenplay', 'Best Achievement in Cinematography', 'Best Achievement in Film Editing', 'Best Achievement in Production Design', 'Best Achievement in Costume Design', 'Best Sound', 'Best Achievement in Makeup and Hairstyling', 'Best Achievement in Music Written for Motion Pictures (Original Score)', 'Best Achievement in Music Written for Motion Pictures (Original Song)', 'Best Achievement in Visual Effects', 'Best Documentary Feature', 'Best Documentary Short Subject', 'Best Animated Feature Film', 'Best Animated Short Film', 'Best Live Action Short Film', 'Best International Feature Film'",https://www.imdb.com/event/ev0000003/2021/1,"['Nomadland', 'Anthony Hopkins', 'Frances McDormand', 'Daniel Kaluuya', 'Youn Yuh-jung', 'Chloé Zhao', 'Promising Young Woman', 'The Father', 'Mank', 'Sound of Metal', 'Mank', 'Ma Raineys Black Bottom', 'Sound of Metal', 'Ma Raineys Black Bottom', 'Soul', 'Judas and the Black Messiah', 'Tenet', 'My Octopus Teacher', 'Colette', 'Soul', 'If Anything Happens I Love You', 'Two Distant Strangers', 'Another Round', 'Motion Picture and Television Fund']",2021
"'Best Motion Picture of the Year', 'Best Performance by an Actor in a Leading Role', 'Best Performance by an Actress in a Leading Role', 'Best Performance by an Actor in a Supporting Role', 'Best Performance by an Actress in a Supporting Role', 'Best Achievement in Directing', 'Best Original Screenplay', 'Best Adapted Screenplay', 'Best Achievement in Cinematography', 'Best Achievement in Film Editing', 'Best Achievement in Production Design', 'Best Achievement in Costume Design', 'Best Sound', 'Best Achievement in Makeup and Hairstyling', 'Best Achievement in Music Written for Motion Pictures (Original Score)', 'Best Achievement in Music Written for Motion Pictures (Original Song)', 'Best Achievement in Visual Effects', 'Best Documentary Feature', 'Best Documentary Short Subject', 'Best Animated Feature Film', 'Best Animated Short Film', 'Best Live Action Short Film', 'Best International Feature Film'",https://www.imdb.com/event/ev0000003/2022/1,"['CODA', 'Will Smith', 'Jessica Chastain', 'Troy Kotsur', 'Ariana DeBose', 'Jane Campion', 'Belfast', 'CODA', 'Dune', 'Dune', 'Dune', 'Cruella', 'Dune', 'The Eyes of Tammy Faye', 'Dune', 'No Time to Die', 'Dune', 'Summer of Soul (...Or, When the Revolution Could Not Be Televised)', 'The Queen of Basketball', 'Encanto', 'The Windshield Wiper', 'The Long Goodbye', 'Drive My Car', 'Elaine May', 'Danny Glover', 'Zack Snyders Justice League', 'Army of the Dead']",2022
"'Best Motion Picture of the Year', 'Best Performance by an Actor in a Leading Role', 'Best Performance by an Actress in a Leading Role', 'Best Performance by an Actor in a Supporting Role', 'Best Performance by an Actress in a Supporting Role', 'Best Achievement in Directing', 'Best Original Screenplay', 'Best Adapted Screenplay', 'Best Achievement in Cinematography', 'Best Achievement in Film Editing', 'Best Achievement in Production Design', 'Best Achievement in Costume Design', 'Best Achievement in Makeup and Hairstyling', 'Best Achievement in Music Written for Motion Pictures (Original Score)', 'Best Achievement in Music Written for Motion Pictures (Original Song)', 'Best Achievement in Sound Mixing', 'Best Achievement in Sound Editing', 'Best Achievement in Visual Effects', 'Best Documentary Feature', 'Best Documentary Short Subject', 'Best Animated Feature Film', 'Best Animated Short Film', 'Best Live Action Short Film', 'Best Foreign Language Film of the Year'",https://www.imdb.com/event/ev0000003/2019/1,"['Green Book', 'Rami Malek', 'Olivia Colman', 'Mahershala Ali', 'Regina King', 'Alfonso Cuarón', 'Green Book', 'BlacKkKlansman', 'Roma', 'Bohemian Rhapsody', 'Black Panther', 'Black Panther', 'Vice', 'Black Panther', 'A Star Is Born', 'Bohemian Rhapsody', 'Bohemian Rhapsody', 'First Man', 'Free Solo', 'Period. End of Sentence.', 'Spider-Man: Into the Spider-Verse', 'Bao', 'Skin', 'Roma', 'Cicely Tyson', 'Frank Marshall', 'Paul Debevec, Tim Hawkins, Wan-Chun Alex Ma, Xueming Yu']",2019
"'Best Motion Picture of the Year', 'Best Performance by an Actor in a Leading Role', 'Best Performance by an Actress in a Leading Role', 'Best Performance by an Actor in a Supporting Role', 'Best Performance by an Actress in a Supporting Role', 'Best Achievement in Directing', 'Best Original Screenplay', 'Best Adapted Screenplay', 'Best Achievement in Cinematography', 'Best Achievement in Film Editing', 'Best Achievement in Production Design', 'Best Achievement in Costume Design', 'Best Sound', 'Best Achievement in Makeup and Hairstyling', 'Best Achievement in Music Written for Motion Pictures (Original Score)', 'Best Achievement in Music Written for Motion Pictures (Original Song)', 'Best Achievement in Visual Effects', 'Best Documentary Feature', 'Best Animated Feature Film', 'Best Animated Short Film', 'Best Live Action Short Film', 'Best Documentary Short Film', 'Best International Feature Film'",https://www.imdb.com/event/ev0000003/2023/1,"['Everything Everywhere All at Once', 'Brendan Fraser', 'Michelle Yeoh', 'Ke Huy Quan', 'Jamie Lee Curtis', 'Daniel Kwan, Daniel Scheinert', 'Everything Everywhere All at Once', 'Women Talking', 'All Quiet on the Western Front', 'Everything Everywhere All at Once', 'All Quiet on the Western Front', 'Black Panther: Wakanda Forever', 'Top Gun: Maverick', 'The Whale', 'All Quiet on the Western Front', 'RRR', 'Avatar: The Way of Water', 'Navalny', 'Guillermo del Toros Pinocchio', 'The Boy, the Mole, the Fox and the Horse', 'An Irish Goodbye', 'The Elephant Whisperers', 'All Quiet on the Western Front', 'Diane Warren', 'Ryan Laney', 'Michael J. Fox', 'Howard Preston, Bernie Butler-Smith', 'David Eberle, Theodore Kim, Fernando de Goes, Audrey Wong', 'Iain Neil']",2023
"'Best Motion Picture of the Year', 'Best Performance by an Actor in a Leading Role', 'Best Performance by an Actress in a Leading Role', 'Best Performance by an Actor in a Supporting Role', 'Best Performance by an Actress in a Supporting Role', 'Best Achievement in Directing', 'Best Original Screenplay', 'Best Adapted Screenplay', 'Best Achievement in Cinematography', 'Best Achievement in Film Editing', 'Best Achievement in Production Design', 'Best Achievement in Costume Design', 'Best Sound', 'Best Achievement in Makeup and Hairstyling', 'Best Achievement in Music Written for Motion Pictures (Original Score)', 'Best Achievement in Music Written for Motion Pictures (Original Song)', 'Best Achievement in Visual Effects', 'Best Documentary Feature', 'Best Animated Feature Film', 'Best Animated Short Film', 'Best Live Action Short Film', 'Best Documentary Short Film', 'Best International Feature Film'",https://www.imdb.com/event/ev0000003/2024/1,"['Oppenheimer', 'Cillian Murphy', 'Emma Stone', 'Robert Downey Jr.', 'DaVine Joy Randolph', 'Christopher Nolan', 'Anatomy of a Fall', 'American Fiction', 'Oppenheimer', 'Oppenheimer', 'Poor Things', 'Poor Things', 'The Zone of Interest', 'Poor Things', 'Oppenheimer', 'Barbie', 'Godzilla Minus One', '20 Days in Mariupol', 'The Boy and the Heron', 'War Is Over!', 'The Wonderful Story of Henry Sugar', 'The Last Repair Shop', 'The Zone of Interest', 'Angela Bassett', 'Ken Museth, Peter Cucka, Mihai Aldén', 'Arnold Peterson, Elia P. Popov, John Frazier']",2024
