movie_url,movie_title
https://www.imdb.com/title/tt26446278/?ref_=sr_t_9,Le Comte de Monte-Cristo
https://www.imdb.com/title/tt28821588/?ref_=sr_t_7,Le mangeur d'âmes
https://www.imdb.com/title/tt27487473/?ref_=sr_t_1,Le salaire de la peur
https://www.imdb.com/title/tt20112600/?ref_=sr_t_5,Race for Glory: Audi vs. Lancia
https://www.imdb.com/title/tt23319892/?ref_=sr_t_2,French Girl
https://www.imdb.com/title/tt18113118/?ref_=sr_t_4,Chien et Chat
https://www.imdb.com/title/tt26060006/?ref_=sr_t_11,Pas de vagues
https://www.imdb.com/title/tt19381382/?ref_=sr_t_8,Cocorico
https://www.imdb.com/title/tt13964390/?ref_=sr_t_10,Sous la Seine
https://www.imdb.com/title/tt15245268/?ref_=sr_t_6,Young Hearts
https://www.imdb.com/title/tt12349832/?ref_=sr_t_3,Cuckoo
https://www.imdb.com/title/tt23049322/?ref_=sr_t_13,The Price of Money: A Largo Winch Adventure
https://www.imdb.com/title/tt17375596/?ref_=sr_t_12,L'Empire
https://www.imdb.com/title/tt31529350/?ref_=sr_t_159,Itinéraire d'un enfant DJ
https://www.imdb.com/title/tt31079461/?ref_=sr_t_157,Rock'n'Roll Godverdomme
https://www.imdb.com/title/tt26656821/?ref_=sr_t_15,Bolero
https://www.imdb.com/title/tt27662142/?ref_=sr_t_17,La promesse verte
https://www.imdb.com/title/tt11703280/?ref_=sr_t_158,L'enfant perdu
https://www.imdb.com/title/tt28444113/?ref_=sr_t_14,Heureux gagnants
https://www.imdb.com/title/tt31500074/?ref_=sr_t_156,Cabale
https://www.imdb.com/title/tt27898958/?ref_=sr_t_155,Les Nouveaux Candides
https://www.imdb.com/title/tt30840748/?ref_=sr_t_154,"Cyril Lignac, qu'est-ce qu'on va faire de toi?"
https://www.imdb.com/title/tt30788078/?ref_=sr_t_152,Alebia
https://www.imdb.com/title/tt31528317/?ref_=sr_t_148,Extra Lucie
https://www.imdb.com/title/tt31015479/?ref_=sr_t_147,Taserman
https://www.imdb.com/title/tt20722940/?ref_=sr_t_145,Stereo Crashers
https://www.imdb.com/title/tt31860731/?ref_=sr_t_151,Ma face cachée
https://www.imdb.com/title/tt31411209/?ref_=sr_t_153,Wet Dogs
https://www.imdb.com/title/tt22062956/?ref_=sr_t_150,Meinong's Jungle
https://www.imdb.com/title/tt13051766/?ref_=sr_t_149,Them Time
https://www.imdb.com/title/tt13802924/?ref_=sr_t_144,Soleil de plomb
https://www.imdb.com/title/tt31948263/?ref_=sr_t_146,Prodigieuses
https://www.imdb.com/title/tt31183203/?ref_=sr_t_143,Le trésor perdu
https://www.imdb.com/title/tt31851618/?ref_=sr_t_142,Sentence arbitraire
https://www.imdb.com/title/tt13444026/?ref_=sr_t_141,Tout sur Margo
https://www.imdb.com/title/tt20503300/?ref_=sr_t_139,Dream of Resurrection
https://www.imdb.com/title/tt31850030/?ref_=sr_t_138,Amour dans la peau
https://www.imdb.com/title/tt31632132/?ref_=sr_t_137,Souviens-toi des cacahuètes
https://www.imdb.com/title/tt22489092/?ref_=sr_t_136,I Awoke Early the Day I Died
https://www.imdb.com/title/tt26933082/?ref_=sr_t_140,Un jeudi pour Darwin
https://www.imdb.com/title/tt29481454/?ref_=sr_t_135,3EME OEIL
https://www.imdb.com/title/tt31183445/?ref_=sr_t_134,11.11.18
https://www.imdb.com/title/tt31182577/?ref_=sr_t_133,The White Blood
https://www.imdb.com/title/tt31567158/?ref_=sr_t_128,De rêves et de parpaings
https://www.imdb.com/title/tt31180541/?ref_=sr_t_129,Sucré Seize
https://www.imdb.com/title/tt10465668/?ref_=sr_t_132,The Theater of the Divine Comedy
https://www.imdb.com/title/tt10749820/?ref_=sr_t_130,Persona
https://www.imdb.com/title/tt18235550/?ref_=sr_t_131,L'ennemi public n°0
https://www.imdb.com/title/tt15867394/?ref_=sr_t_127,Coup de tampon
https://www.imdb.com/title/tt29930139/?ref_=sr_t_121,Lotus
https://www.imdb.com/title/tt31752804/?ref_=sr_t_125,Nou Pat Nan Dieu
https://www.imdb.com/title/tt30588749/?ref_=sr_t_123,Gevart
https://www.imdb.com/title/tt26699755/?ref_=sr_t_122,Fainéant.e.s
https://www.imdb.com/title/tt5258930/?ref_=sr_t_126,Budapest Diaries
https://www.imdb.com/title/tt30795952/?ref_=sr_t_120,"Stella Mantoni, Il Ritorno"
https://www.imdb.com/title/tt15091566/?ref_=sr_t_124,Hidden Memories
https://www.imdb.com/title/tt31049922/?ref_=sr_t_119,The Doomsday Virus
https://www.imdb.com/title/tt31862997/?ref_=sr_t_112,A l'ancienne
https://www.imdb.com/title/tt26476006/?ref_=sr_t_114,Tortu
https://www.imdb.com/title/tt21052112/?ref_=sr_t_117,Dolomite and ash
https://www.imdb.com/title/tt31410355/?ref_=sr_t_116,Electric Fields
https://www.imdb.com/title/tt3667098/?ref_=sr_t_115,Loy
https://www.imdb.com/title/tt31718556/?ref_=sr_t_113,Tout le monde ment
https://www.imdb.com/title/tt31519944/?ref_=sr_t_111,Nias
https://www.imdb.com/title/tt28069283/?ref_=sr_t_106,Phénix
https://www.imdb.com/title/tt31905541/?ref_=sr_t_105,Journal de la sentinelle
https://www.imdb.com/title/tt28305954/?ref_=sr_t_109,En la alcoba del sultán
https://www.imdb.com/title/tt29054399/?ref_=sr_t_108,Nos belles-soeurs
https://www.imdb.com/title/tt14539136/?ref_=sr_t_107,In Search of Bass Reeves
https://www.imdb.com/title/tt5154454/?ref_=sr_t_110,Entre Fronteras
https://www.imdb.com/title/tt27817382/?ref_=sr_t_104,La tête froide
https://www.imdb.com/title/tt31113157/?ref_=sr_t_99,Dis-moi pourquoi ces choses sont si belles
https://www.imdb.com/title/tt29331425/?ref_=sr_t_101,La vallée des fous
https://www.imdb.com/title/tt31644773/?ref_=sr_t_98,"Bernadotte, Louise & Napoleon"
https://www.imdb.com/title/tt17492142/?ref_=sr_t_100,Last Party
https://www.imdb.com/title/tt29534568/?ref_=sr_t_103,Ma part de Gaulois
https://www.imdb.com/title/tt29893103/?ref_=sr_t_102,The Ballad of Suzanne Césaire
https://www.imdb.com/title/tt14316514/?ref_=sr_t_97,Sweet Brother
https://www.imdb.com/title/tt30442596/?ref_=sr_t_95,N'avoue jamais
https://www.imdb.com/title/tt27487494/?ref_=sr_t_96,La Gardav
https://www.imdb.com/title/tt30335504/?ref_=sr_t_94,Nonm
https://www.imdb.com/title/tt7610348/?ref_=sr_t_92,Nos voyages invisibles
https://www.imdb.com/title/tt31806922/?ref_=sr_t_93,Les Poussières
https://www.imdb.com/title/tt27045130/?ref_=sr_t_91,Assemblage
https://www.imdb.com/title/tt31323112/?ref_=sr_t_89,Paradoxe
https://www.imdb.com/title/tt29478506/?ref_=sr_t_88,Que Notre Joie Demeure
https://www.imdb.com/title/tt29245495/?ref_=sr_t_87,"Jeunesse, mon amour"
https://www.imdb.com/title/tt29102598/?ref_=sr_t_86,Le fil
https://www.imdb.com/title/tt31898212/?ref_=sr_t_90,L'attaque du bloc d'or
https://www.imdb.com/title/tt31490993/?ref_=sr_t_84,Il n'y a pas d'ombre dans le désert
https://www.imdb.com/title/tt28244012/?ref_=sr_t_85,Sous le vent des Marquises
https://www.imdb.com/title/tt27811106/?ref_=sr_t_81,Sur un fil
https://www.imdb.com/title/tt28776444/?ref_=sr_t_83,Tombés du camion
https://www.imdb.com/title/tt28183301/?ref_=sr_t_82,Retro Therapy
https://www.imdb.com/title/tt30477968/?ref_=sr_t_80,Numéro 10
https://www.imdb.com/title/tt16171656/?ref_=sr_t_77,Dead Talk Tales: Volume I
https://www.imdb.com/title/tt31542031/?ref_=sr_t_79,Nous serons toujours là! Plogoff 1980
https://www.imdb.com/title/tt26605836/?ref_=sr_t_78,Le Naméssime
https://www.imdb.com/title/tt28374926/?ref_=sr_t_76,Un homme en fuite
https://www.imdb.com/title/tt30826062/?ref_=sr_t_69,Histoire d'Un Mariage
https://www.imdb.com/title/tt27348699/?ref_=sr_t_75,"Kholop, le serf"
https://www.imdb.com/title/tt30106363/?ref_=sr_t_68,La damnée
https://www.imdb.com/title/tt27722491/?ref_=sr_t_73,Petites mains
https://www.imdb.com/title/tt27751906/?ref_=sr_t_72,L'esprit Coubertin
https://www.imdb.com/title/tt30768102/?ref_=sr_t_70,Retrato de um Certo Oriente
https://www.imdb.com/title/tt28036831/?ref_=sr_t_74,Ghost Cat Anzu
https://www.imdb.com/title/tt29630504/?ref_=sr_t_71,Lucy Grizzli Sophie
https://www.imdb.com/title/tt31014730/?ref_=sr_t_66,Neuilly-Poissy
https://www.imdb.com/title/tt26760837/?ref_=sr_t_67,Le Molière imaginaire
https://www.imdb.com/title/tt28522540/?ref_=sr_t_61,Leurs enfants après eux
https://www.imdb.com/title/tt30308414/?ref_=sr_t_63,1995
https://www.imdb.com/title/tt27787469/?ref_=sr_t_65,Une vie rêvée
https://www.imdb.com/title/tt27722530/?ref_=sr_t_64,Ici et là-bas
https://www.imdb.com/title/tt30835055/?ref_=sr_t_60,Hunting Daze
https://www.imdb.com/title/tt27737203/?ref_=sr_t_62,Ni chaînes ni maîtres
https://www.imdb.com/title/tt28100729/?ref_=sr_t_57,Frères
https://www.imdb.com/title/tt16160544/?ref_=sr_t_58,Le dernier des Juifs
https://www.imdb.com/title/tt31809821/?ref_=sr_t_59,"Maya, donne-moi un titre"
https://www.imdb.com/title/tt31465673/?ref_=sr_t_51,It Blooms in June
https://www.imdb.com/title/tt30835324/?ref_=sr_t_56,Astra
https://www.imdb.com/title/tt15386456/?ref_=sr_t_55,Shikun
https://www.imdb.com/title/tt29147289/?ref_=sr_t_52,Le tableau volé
https://www.imdb.com/title/tt30471155/?ref_=sr_t_54,Opération Portugal 2: la vie de château
https://www.imdb.com/title/tt18246700/?ref_=sr_t_53,Les Paradis de Diane
https://www.imdb.com/title/tt29702056/?ref_=sr_t_49,Der Junge dem die Welt gehört
https://www.imdb.com/title/tt30517551/?ref_=sr_t_50,Mit Einem Tiger Schlafen
https://www.imdb.com/title/tt21443754/?ref_=sr_t_48,Betânia
https://www.imdb.com/title/tt17494412/?ref_=sr_t_47,"Zak & Wowo, la légende de Lendarys"
https://www.imdb.com/title/tt30949231/?ref_=sr_t_46,Quell'estate con Irène
https://www.imdb.com/title/tt15023958/?ref_=sr_t_45,Le Pire Homme de Londres
https://www.imdb.com/title/tt30505337/?ref_=sr_t_43,Les Chèvres!
https://www.imdb.com/title/tt30795948/?ref_=sr_t_44,Un p'tit truc en plus
https://www.imdb.com/title/tt11247622/?ref_=sr_t_42,Schirkoa: In Lies We Trust
https://www.imdb.com/title/tt31159666/?ref_=sr_t_34,Et plus si affinités
https://www.imdb.com/title/tt19837910/?ref_=sr_t_41,Jaspal
https://www.imdb.com/title/tt4726640/?ref_=sr_t_40,Kidnapping Inc.
https://www.imdb.com/title/tt26760867/?ref_=sr_t_39,Les gens d'à côté
https://www.imdb.com/title/tt28484935/?ref_=sr_t_38,Ducobu passe au vert
https://www.imdb.com/title/tt30309698/?ref_=sr_t_35,Quelques jours pas plus
https://www.imdb.com/title/tt31015291/?ref_=sr_t_36,Langue étrangère
https://www.imdb.com/title/tt21247132/?ref_=sr_t_37,Pendant ce temps sur Terre
https://www.imdb.com/title/tt29007338/?ref_=sr_t_33,14 jours pour aller mieux
https://www.imdb.com/title/tt31511644/?ref_=sr_t_32,La fonte des glaces
https://www.imdb.com/title/tt27490099/?ref_=sr_t_30,L'Amour ouf
https://www.imdb.com/title/tt30521164/?ref_=sr_t_29,Comme le feu
https://www.imdb.com/title/tt29383085/?ref_=sr_t_27,Dans la peau de Blanche Houellebecq
https://www.imdb.com/title/tt27432472/?ref_=sr_t_28,Paternel
https://www.imdb.com/title/tt29079096/?ref_=sr_t_26,Todas menos tú
https://www.imdb.com/title/tt31015247/?ref_=sr_t_31,Hors du temps
https://www.imdb.com/title/tt18232550/?ref_=sr_t_20,Les indociles
https://www.imdb.com/title/tt30317033/?ref_=sr_t_19,Sebastian
https://www.imdb.com/title/tt28480619/?ref_=sr_t_25,"Nous, les Leroy"
https://www.imdb.com/title/tt29010019/?ref_=sr_t_24,Hôtel Silence
https://www.imdb.com/title/tt28080273/?ref_=sr_t_18,Bis Repetita
https://www.imdb.com/title/tt26695297/?ref_=sr_t_23,Scotoe
https://www.imdb.com/title/tt21994228/?ref_=sr_t_22,Black Tea
https://www.imdb.com/title/tt27005064/?ref_=sr_t_118,Les affaires sont les affaires
https://www.imdb.com/title/tt14317038/?ref_=sr_t_16,The Amazing World of Gumball: The Movie
https://www.imdb.com/title/tt31015344/?ref_=sr_t_21,A traveler's needs
